REFERENCE_NUMBER,CONTRACT_TITLE,SHORT_DESCRIPTION,PROCUREMENT_PROCESS,COMMERCIAL_STRATEGY,PLANNED_PROCUREMENT_SOURCING_ROUTE,ESTIMATED_CONTRACT_LENGTH,VALUE_BAND,ESTIMATED_COMMERCIAL_ACTIVITY_START_DATE,ESTIMATED_PROCUREMENT_START_DATE,ESTIMATED_CONTRACT_COMMENCEMENT_DATE,PRIMARY_CPV_CATEGORY,PRIMARY_CPV_CODE,EXISTING_CONTRACT_NAME,EXISTING_CONTRACT_END_DATE,MAXIMUM_CONTRACT_END_DATE,EXISTING_CONTRACT_CF_AWARD_NOTICE,month
W114008,Self Service Data Quality,Reprocurement of Self Service data Quality (Data Profiling Tool),Procurement,2. Re-procurement (same scope),PCR Framework - Further Competition,24,C,2025-09-01,2025-10-01,2026-04-01,Software package and information systems,48000000,Self Service Data Quality Tool (Data Profiling Tool),2026-03-31,2026-03-31,https://www.contractsfinder.service.gov.uk/Notice/320ab10b-0c85-4ee9-b29d-9b58a5b3c216,2025-09
W116683,ISAE 3000/3402 Reports,Provision of ISAE3000 & 3402 audit reports,Pipeline,2. Re-procurement (same scope),PCR Framework - Further Competition,48,D,2026-08-03,2026-11-01,2027-11-13,Financial auditing services,79212100,ISAE 3000/3402 Reports,2027-11-12,2027-11-12,https://www.contractsfinder.service.gov.uk/Notice/e565124c-3d8b-4b7a-80af-4c7f5aa23eaf,2026-08
W118138,Facilities Management Services,Facilities Management Services,Pre-Procurement,2. Re-procurement (same scope),PCR Framework - Further Competition,60,H,2025-01-01,2025-11-01,2027-04-01,Facilities management services,79993100,Facilities Management Services,2027-03-31,2031-03-31,https://www.contractsfinder.service.gov.uk/notice/7c827681-bbe3-4729-aa2f-e19a9a0c3063?origin=SearchResults&p=1,2025-01
W118139,Travel Management Services,Travel Management Services,Pipeline,2. Re-procurement (same scope),PCR Framework - Further Competition,48,E,2025-10-01,2025-11-01,2026-12-01,Travel management services,63516000,Travel Management Services,2026-11-30,2026-11-30,https://www.contractsfinder.service.gov.uk/Notice/0b60cc7b-1e5f-4a93-a2fc-9af8f27aa87e,2025-10
W122477,Digital Accessibility Services,Contract to review and provide recommendations on the NHSBSA's strategy on accessibility as well as on a call-off basis; conduct accessibility audits on NHSBSA digital services in line with GDS standards and provide training on accessibility.,Procurement,2. Re-procurement (same scope),PCR Framework - Further Competition,48,C,2025-09-30,2025-09-30,2026-01-21,System quality assurance assessment and review services,72225000,Digital Accessibility Services,2026-01-21,2026-01-21,https://www.contractsfinder.service.gov.uk/Notice/ab62bd4c-622b-4ba0-a76d-7233628f83a7,2025-09
W125317,Cyber Security - Project,Long Term Project - Transformation . Currently on phase 3 In April 2024. Some phases are Internal some require commercial Support with a range of different requirements ; works and products required. This is an evolving piece of work.,Pre-Procurement,1. New requirement,PCR Framework - Further Competition,36,E,2023-01-24,2024-01-24,2025-12-01,Security software package,48730000,N/A - no existing contract,,,N/A - no existing contract,2023-01
W125897,Contract for Corporate Eyecare,Provision of corporate eyecare vouchers benefit,Pipeline,2. Re-procurement (same scope),PA23 Framework - Further Competition,48,A,2026-02-02,2026-02-02,2026-11-01,Eye care products and corrective lenses,33730000,Contract for Corporate Eyecare,2026-10-31,2026-10-31,https://www.contractsfinder.service.gov.uk/notice/d3b8c492-d541-445d-b1e1-e0cf1fed05cc?origin=SearchResults&p=1,2026-02
W126083,Language Services,This procurement coves the provision of language services to all NHSBSA staff and services.,Pipeline,2. Re-procurement (same scope),PA23 Framework - Further Competition,48,D,2027-08-22,2027-10-22,2028-03-23,Translation services,79530000,Language Services,2028-03-22,2028-03-22,https://www.contractsfinder.service.gov.uk/Notice/a67bab10-99cf-46a8-b73d-666da9300a2d,2027-08
W126282,Desktop Container Environment (DCE),Provision of containerised application development software to be used in the Data; Digital and Technology directorate.,Procurement,2. Re-procurement (same scope),PCR Framework - Further Competition,24,A,2025-06-01,2025-09-01,2025-12-23,Software-related services,72260000,Docker Desktop 2023,2025-12-22,2025-12-22,https://www.contractsfinder.service.gov.uk/Notice/b0022aea-561e-41a7-93ac-fcc0fe2dd143,2025-06
W126502,NHS Prescriptions; Cards & Print,A requirement for a framework to provide printed products and services including but not exclusively NHS Forms & prescription forms and GHIC to both NHSBSA as a customer and other NHS and health provider organisations.,Draft,2. Re-procurement (same scope),PCR Open Procedure,48,J,2026-07-01,2027-01-02,2028-07-01,Printing and distribution services,79824000,NHS Prescriptions; Cards & Print,2028-06-30,2030-06-30,https://www.contractsfinder.service.gov.uk/notice/2a3f4049-ba4d-4bfe-ad9f-5dff8ffebb2b?origin=SearchResults&p=1,2026-07
W126531,Postal Services - International Mail,Provision of collection and delivery of international mail service,Pre-Procurement,2. Re-procurement (same scope),PCR Framework - Further Competition,84,D,2027-04-01,2027-04-01,2028-09-30,Postal services,64110000,Contract for Postal Services - International Mail,2028-09-30,2028-09-30,https://www.contractsfinder.service.gov.uk/Notice/0fde0e8e-f0f2-4a26-9fe9-61e170967553,2027-04
W126533,Postal Services - Collection & Delivery,Provision of collection and delivery of mail service,Pre-Procurement,2. Re-procurement (same scope),PCR Framework - Further Competition,84,H,2027-04-01,2027-04-30,2028-09-30,Postal services,64110000,Contract for Postal Services - Collection & Delivery,2028-09-30,2028-09-30,https://www.contractsfinder.service.gov.uk/Notice/efc2bb6f-c9ee-451a-9040-28f17eac5f51,2027-04
W127793,BSA Data and Mobile Phones,Provision of mobile data and voice services - 2 x 12 month extension - 1st one due on 29/1/28,Pre-Procurement,2. Re-procurement (same scope),PCR Framework - Further Competition,24,A,2025-08-01,2025-08-01,2026-01-29,Information technology services,72222300,BSA Data and Voice Service,2026-01-28,2028-01-28,https://www.contractsfinder.service.gov.uk/Notice/cb5208e3-06a1-4794-b0bd-c89e2bb78d21,2025-08
W128520,Gitlab Licenses 2024,Renewal of Gitlab licences,Pipeline,2. Re-procurement (same scope),PA23 Direct Award,24,B,2025-11-01,2026-02-01,2026-04-19,Software-related services,72260000,Gitlab Licences 2024,2026-04-18,2026-04-18,https://www.contractsfinder.service.gov.uk/Notice/2a77759a-ba6c-4ae2-921a-d13e20b67ddf,2025-11
W129897,Apple Device Management Application,Application providing secure device management functionality for Apple Macbooks.,Pipeline,2. Re-procurement (same scope),PCR Framework - Further Competition,36,A,2026-02-01,2026-04-01,2027-03-28,Software package and information systems,48000000,Jamf Renewal,2027-03-27,2027-03-27,https://www.contractsfinder.service.gov.uk/Notice/3a793372-59ac-4da5-aa0e-a706e5d361c4,2026-02
W130325,Health and Safety Management Software,Health and safety management software for reporting of health and safety and security incidents,Pipeline,2. Re-procurement (same scope),PCR Framework - Further Competition,36,A,2026-09-01,2026-12-01,2027-04-01,Software-related services,72260000,Health and Safety Management Software,2027-03-31,2028-03-31,https://www.contractsfinder.service.gov.uk/Notice/c48fe3a5-2d8b-400f-ac38-e46bec762733,2026-09
W132435,Insight Cloud Services,Renewal of contract for Oracle Universal Credits used by Data & Insight,Pre-Procurement,3. Re-procurement (different scope),PCR Direct Award (Reg 32) - Negotiated Procedure Without Prior Publication,12,E,2025-03-03,2025-10-01,2026-03-02,Data analysis services,72316000,Insight Cloud Services,2026-03-01,2026-03-01,https://www.contractsfinder.service.gov.uk/notice/ce37d075-a831-4f3a-b90d-a158df367d72?origin=SearchResults&p=1,2025-03
W132817,Digital Employee Checking Tool,Digital employee checking tool to support workforce recruitment.,Pipeline,2. Re-procurement (same scope),PCR Framework - Direct Award,24,D,2026-07-01,2026-10-01,2027-07-26,Software package and information systems,48000000,Digital Employee Checking Tool,2026-07-26,2027-07-26,https://www.contractsfinder.service.gov.uk/Notice/912cd638-18bf-449c-bb2c-dd4dc672ef14,2026-07
W132893,HR Applicant Tracking Software (ATS),Recruitment applicant tracking software for HR Shared Services; covering NHSBSA and their HR clients.,Pre-Procurement,2. Re-procurement (same scope),PCR Framework - Direct Award,36,B,2025-01-16,2025-05-01,2026-01-01,Software package and information systems,48000000,HR Applicant Tracking Software (ATS),2025-12-31,2025-12-31,https://www.contractsfinder.service.gov.uk/Notice/0b3271f4-7c5c-46c1-b342-e43262389acc,2025-01
W132981,Secure Code Development Software,licences,Pipeline,2. Re-procurement (same scope),PCR Framework - Direct Award,24,B,2025-09-01,2025-10-01,2026-03-13,IT software development services,72212517,Secure Code Development Software,2026-04-12,2028-04-12,https://www.contractsfinder.service.gov.uk/Notice/ec98d035-d415-4000-af64-cb3b545cadcf,2025-09
W136006,GP Certificates 2028,Production of legally-compliant NHS Pensions Scheme Certificates for GPs and associated Guidance Notes.,Pipeline,2. Re-procurement (same scope),PCR Below Threshold - Competitive Tender,36,A,2027-04-01,2027-07-01,2028-04-07,Pension fund administration services,66141000,GP Certificates 2024,2028-04-07,2028-04-07,https://www.contractsfinder.service.gov.uk/Notice/f4b047de-89cf-407d-82f2-60fb6af87651,2027-04
W136978,Pay the BSA Direct Debit Solution,Contract for the provision of a Direct Debit Bureau service to enable the collection of customer payments via Direct Debit across multiple service areas. These include but not limited to Loss Recovery Services (LRS) and Prescriptions Payment Certificate (PPC).,Procurement,2. Re-procurement (same scope),PCR Framework - Direct Award,24,E,2025-01-08,2025-09-12,2026-02-13,Corporate finance and venture capital services,66122000,Pay the BSA: Direct Debit Solution,2026-02-12,2026-02-12,https://www.contractsfinder.service.gov.uk/notice/8767e71f-df5e-4bee-af8b-52f284416d89?origin=SearchResults&p=1,2025-01
W137081,Women's Healthy Start Vitamins,Manufacture and supply of Women's Healthy Start Vitamins,Pipeline,2. Re-procurement (same scope),PA23 Open Procedure,48,E,2025-11-01,2026-04-01,2028-04-22,Vitamins,33616000,Women's Healthy Start Vitamins,2028-04-22,2028-04-22,https://www.contractsfinder.service.gov.uk/Notice/29ada6cf-b327-4283-82cf-e08b012c5140,2025-11
W137085,Children's Healthy Start Vitamins,Manufacture and supply of Children's Healthy Start Vitamins,Pipeline,2. Re-procurement (same scope),PA23 Open Procedure,48,E,2025-11-05,2026-04-01,2028-04-22,Vitamins,33616000,Children's Healthy Start Vitamins,2028-04-22,2028-04-22,https://www.contractsfinder.service.gov.uk/Notice/530f8ba0-0530-4160-92c7-0dec86b6bc2c,2025-11
W137111,Fuel Cards and Associate Services,Contract for Fuel Cards to be used by employees when travelling for business to purchase fuel and associated services.,Pipeline,2. Re-procurement (same scope),PCR Framework - Direct Award,48,C,2027-07-01,2027-08-01,2028-03-22,Agency fuel cards,30163100,Fuel Cards and Associate Services,2028-03-22,2028-03-22,https://www.contractsfinder.service.gov.uk/Notice/cbfaf33f-9886-4021-be5f-a540339170df,2027-07
W137115,Conferencing; Meetings; and Events Management,The provision of conferencing; meetings; and events management,Pipeline,2. Re-procurement (same scope),PCR Framework - Direct Award,48,D,2025-09-01,2025-10-01,2026-11-30,Hotel meeting and conference services,55120000,Conferencing; Meetings; and Events Management,2026-11-30,2026-11-30,https://www.contractsfinder.service.gov.uk/Notice/64875512-9378-42f9-a92f-d168ee25d968,2025-09
W137121,Secure Bulk Destruction & Disposal of Confidential Waste,he Secure Bulk Destruction & Disposal of Confidential Waste for the NHSBSA; the main volume of which is the destruction of paper prescriptions. In addition to this the contract provides for the secure destruction of a range of documents and cardboard from the NHSBSA estate and also the destruction of additional documentation resulting from scanning services completed by Primary Care Services on behalf of several hospital trusts. The contract is expected to generate a revenue from the value of the wastepaper.,Pipeline,2. Re-procurement (same scope),PA23 Open Procedure,48,B,2025-10-01,2025-10-01,2026-08-01,Paper collecting services,90511400,Secure Destruction & Disposal of Bulk Confidential Waste,2026-07-31,2026-07-31,https://www.contractsfinder.service.gov.uk/Notice/af9cf838-d5e9-46df-b054-1a61554bc294,2025-10
W137384,Business Continuity Management Software,Business Continuity Management SaaS solution.,Pipeline,2. Re-procurement (same scope),PCR Framework - Direct Award,36,A,2026-01-05,2026-06-01,2027-03-31,Software package and information systems,48000000,Business Continuity Management Software,2026-03-30,2027-03-30,https://www.contractsfinder.service.gov.uk/Notice/e7b62199-dae3-4965-95f4-3db6054da597,2026-01
W137479,Research Panel Management Tool,Replacement Workplan - Research Panel Management Solution to support our inhouse research team at DDaT,Draft,2. Re-procurement (same scope),PCR Framework - Further Competition,24,A,2025-08-01,2025-10-01,2026-04-01,Software package and information systems,48000000,Research Panel Management Solution,2026-03-31,2028-03-30,https://atamis-1928.lightning.force.com/lightning/r/ProSpend__Contracts_Finder_Submission__c/a0YSr000004I1TBMA0/view,2025-08
W139468,Prescriptions Scanners Refresh & Software and Maintenance,Hardware; Software and solution with Service wrap,Pipeline,2. Re-procurement (same scope),PCR Framework - Direct Award,48,F,2026-03-01,2026-09-01,2027-12-17,IT services: consulting; software development; Internet and support,72000000,Prescriptions Scanners Refresh & Software and Maintenance,2027-12-17,2027-12-17,Not on Contracts Finder,2026-03
W146474,Project Portfolio Management (PPM) Software,Project Portfolio Management (PPM) software.,Pipeline,2. Re-procurement (same scope),PA23 Framework - Award Without Competition,36,C,2025-10-01,2026-03-01,2027-04-10,Software package and information systems,48000000,Project Portfolio Management (PPM) Software,2026-04-10,2027-04-10,https://www.contractsfinder.service.gov.uk/Notice/b89d660c-3385-4003-9754-362bcfcdc388,2025-10
W146823,Software Licence Partner,This workplan relates to the Software Spend Category and will be treated as a programme of work.,Business Case,1. New requirement,PA23 Framework - Further Competition,48,H,2025-09-22,2025-10-06,2026-01-01,Software package and information systems,48000000,N/A - no existing contract,,,N/A - no existing contract,2025-09
W146980,Lease Car Benefits,Provision of lease car benefits,Pipeline,2. Re-procurement (same scope),PCR Framework - Further Competition,48,F,2028-02-01,2028-02-01,2029-02-01,Car maintenance services,50112200,Lease Car Benefits,2029-01-31,2029-01-31,https://www.contractsfinder.service.gov.uk/Notice/f5e2da6d-ec30-4661-8bc8-60f6ec0f985c,2028-02
W146994,Data Modelling Tool,Procurement of Data Modelling Tool to support our Data Strategy and Governance.,Pre-Procurement,1. New requirement,PCR Framework - Further Competition,24,B,2025-09-01,2025-12-31,2026-07-01,IT software package,48517000,N/A - no existing contract,,,N/A - no existing contract,2025-09
W147246,HS Prepaid Cards,Extension of the current contract for the provision of HS Pre-paid Cards,Pre-Procurement,2. Re-procurement (same scope),PCR Framework - Direct Award,12,H,2025-06-30,2025-06-30,2026-07-01,Financial and insurance services,66000000,HS Prepaid Cards,2026-06-30,2028-06-30,https://www.contractsfinder.service.gov.uk/Notice/f17da33a-e549-49a9-a76c-0527963ba170,2025-06
W149021,Electronic Drug Tariff Support,the provision of licences as well as maintenance and support services for the Electronic Drug Tariff. The service enables the upload of the Drug Tariff to the NHSBSA website while also fixing bugs; making the solution more accessible and providing development time to improve the overall solution.,Pre-Procurement,2. Re-procurement (same scope),PA23 Open or Competitive Flexible Procedure - New Framework,36,A,2024-10-01,2025-12-01,2026-07-07,Software maintenance and repair services,72267000,Electronic Drug Tariff Support,2026-07-07,2026-07-07,https://www.contractsfinder.service.gov.uk/Notice/71c27381-5bbc-4061-bcc0-cda4a66d2328,2024-10
W150110,Nursery Milk Reimbursement Unit 2025,Nursery Milk Reimbursement Unit,Procurement,2. Re-procurement (same scope),PCR Framework - Further Competition,48,E,2025-01-06,2025-06-25,2026-08-01,Administrative healthcare services,75122000,Nursery Milk Reimbursement Unit,2026-07-31,2026-07-31,https://www.contractsfinder.service.gov.uk/Notice/Attachment/5f71af3a-ced0-4f03-983c-e2a71d84b78d,2025-01
W151673,7.5 Ton Van,Lease of a 7.5T Van,Pipeline,2. Re-procurement (same scope),PCR Framework - Further Competition,36,A,2026-05-01,2026-06-01,2027-06-03,Vans,34136000,7.5 Ton Van,2027-06-02,2027-06-02,https://www.contractsfinder.service.gov.uk/Notice/cd24d710-8af3-4f03-8633-f0ef8090056a,2026-05
W152917,FDPS Project - Bank; Identity and Residency Checks,Bank; Identity and Residency Checks,Pre-Procurement,1. New requirement,PCR Framework - Further Competition,36,B,2024-07-29,2025-01-06,2027-01-01,Software package and information systems,48000000,N/A - no existing contract,,,N/A - no existing contract,2024-07
W154575,Customer Survey Tool 26-28,Customer survey tool to support surveys undertaken by Insight and Research Team.,Draft,2. Re-procurement (same scope),PCR Framework - Further Competition,24,A,2026-01-12,2026-04-06,2026-10-30,Customer survey services,79342310,Customer Survey Tool 2024-2026,2026-08-31,2026-08-31,https://www.contractsfinder.service.gov.uk/Notice/23f677b6-dab3-4ad3-b8b8-288f8dc85d70,2026-01
W154995,Special Advisory Support Services,Provision of special advisory service to support Provider Assurance queries.,Pipeline,2. Re-procurement (same scope),PCR Below Threshold - Direct Award,24,A,2026-02-01,2026-03-01,2026-07-31,Health and safety consultancy services,71317210,Special Advisory Service,2026-07-31,2027-07-31,https://www.contractsfinder.service.gov.uk/Notice/19acc2f6-9f7b-40f1-8a58-e09a8edb41df,2026-02
W156507,Atlassian Licence Renewal,Renewal of Atlassian licences for Jira Software and Confluence.,Pipeline,2. Re-procurement (same scope),PA23 Framework - Further Competition,24,B,2026-01-01,2026-04-20,2026-09-22,Software package and information systems,48000000,Atlassian Licence Renewal,2026-09-22,2026-09-22,https://www.contractsfinder.service.gov.uk/Notice/802f7082-d2f9-4787-b08b-1ef580744960,2026-01
W158672,Office Supplies,Replacement workplan for the current contract for the provision of office supplies and stationery,Pipeline,2. Re-procurement (same scope),PA23 Framework - Further Competition,48,C,2027-10-01,2027-10-01,2028-10-01,Office supplies,30192000,Office Supplies,2028-09-30,2028-09-30,https://www.contractsfinder.service.gov.uk/Notice/a7bb9568-99e4-46cf-b936-a9f2ecb017fd,2027-10
W159842,Office Furniture,Supply; installation and removal of office and homeworker furniture,Pipeline,2. Re-procurement (same scope),PA23 Framework - Further Competition,48,D,2026-12-01,2026-12-01,2027-12-07,Furniture (incl. office furniture); furnishings; domestic appliances (excl. lighting),39000000,Office Furniture procurement,2027-12-06,2027-12-06,https://www.contractsfinder.service.gov.uk/Notice/f6af1cc4-db67-4707-9ff1-6252d1e80b0e,2026-12
W166394,Vehicle Hire,The provision of hire vehicles for use by NHS Business Services Authority (NHSBSA) and NHS Counter Fraud Authority (NHSCFA) staff based at sites across England.,Pipeline,2. Re-procurement (same scope),PCR Framework - Further Competition,48,D,2027-09-01,2027-10-01,2028-12-01,Motor vehicles,34100000,Vehicle Hire,2028-11-30,2028-11-30,https://www.contractsfinder.service.gov.uk/Notice/c7bf9786-406e-4a84-b3bc-697d021fe76d,2027-09
W166445,Employee Benefits- NHS BSA & CFA,Provision of employee benefits,Pipeline,2. Re-procurement (same scope),PA23 Framework - Further Competition,48,F,2028-02-01,2028-02-01,2029-02-01,Benefit services,75310000,Employee Benefits - NHS BSA & CFA,2029-01-31,2029-01-31,https://www.contractsfinder.service.gov.uk/Notice/8cf6236e-c3b4-4c66-91a4-b9ceb21757fb,2028-02
W167101,Virtual Classroom Software,Re-procurement of Virtual Classroom Software used by NHS Jobs trainers to train external NHS organisations on use of the NHS Jobs Service,Pipeline,2. Re-procurement (same scope),PSR Competitive Process,36,A,2027-06-01,2027-07-01,2027-11-06,Software package and information systems,48000000,Virtual Classroom Software,2027-11-06,2028-11-06,https://www.contractsfinder.service.gov.uk/Notice/87f63788-167c-478d-b004-5a5b78a1519f,2027-06
W167912,BCS BA Training Modules,BCS BA training - DPS rapid route,Draft,2. Re-procurement (same scope),PCR Open Procedure - New Dynamic Purchasing System,48,A,2024-04-01,2028-04-01,2028-12-15,Education and training services,80000000,BCS BA Training Modules,2028-12-15,2028-12-15,https://www.contractsfinder.service.gov.uk/Notice/4191f5c6-0170-45d5-9866-a2cee374770d,2024-04
W172443,NHS SBS Valuation 26-30,Provision of the valuation of NHS SBS,Pre-Procurement,2. Re-procurement (same scope),PA23 Framework - Further Competition,48,B,2025-08-25,2025-10-06,2026-02-02,Banking and investment services,66100000,NHS SBS Valuation 24/25,2025-04-30,2025-04-30,https://www.contractsfinder.service.gov.uk/Notice/b0a626af-6e9e-4e7b-b646-ddf91fd61a52,2025-08
W172444,Employee Assistance Programme,This workplan is for the re-procurement of the Employee Assistance Programme.,Pipeline,2. Re-procurement (same scope),PCR Dynamic Purchasing System - Further Competition,48,B,2025-11-03,2026-01-01,2026-09-01,Counselling services,85312320,Employee Assistance Programme 25/26,2026-09-01,2026-09-01,https://www.contractsfinder.service.gov.uk/Notice/fd4a7205-f80a-49f3-a987-bee49a3e2ca0,2025-11
W172446,Presentation Skills,This workplan is for the re-procurement of presentation skills training.,Pipeline,2. Re-procurement (same scope),PA23 Framework - Further Competition,48,A,2028-01-07,2028-02-08,2028-11-30,Education and training services,80000000,Presentation Skills,2028-11-30,2028-11-30,https://www.contractsfinder.service.gov.uk/Notice/027ccc47-867e-42ad-9334-4f3d7dcdc082,2028-01
W172708,Website Support and Hosting Contract,Technical support and Hosting for the NHSBSA and Careers Website.,Draft,2. Re-procurement (same scope),PCR Framework - Further Competition,24,B,2026-01-12,2026-03-02,2026-07-08,IT services: consulting; software development; Internet and support,72000000,Website Support Contract,2026-07-08,2027-07-08,https://www.contractsfinder.service.gov.uk/Notice/af729930-3230-487b-af3c-85a678a2186c,2026-01
W176586,Estates Professional Services,Estates Professional Services,Pre-Procurement,2. Re-procurement (same scope),PA23 Framework - Further Competition,60,C,2029-02-01,2029-08-01,2030-02-10,Property management services of real estate on a fee or contract basis,70330000,Estates Professional Services,2030-02-09,2030-02-09,https://www.contractsfinder.service.gov.uk/notice/d4a99313-f93e-42e5-8e8f-22a8d2943aa7?origin=SearchResults&p=1,2029-02
W176853,Incident Response and Forensics Standby Contract,Requirement for an incident and forensic response standby service.,Pipeline,2. Re-procurement (same scope),PCR Below Threshold - Direct Award,24,A,2026-02-01,2026-02-10,2026-12-19,IT services: consulting; software development; Internet and support,72000000,Incident Response & Forensic Standby,2026-12-18,2026-12-18,https://www.contractsfinder.service.gov.uk/Notice/eb23cbee-26f9-4419-9f44-ea4c3b37c1b4,2026-02
W176882,ServiceExpress Hardware Support,ServiceExpress Hardware Support,Pipeline,2. Re-procurement (same scope),PCR Framework - Direct Award,12,A,2025-04-01,2025-06-01,2026-01-01,Information technology requirements review services,72223000,ServiceExpress Hardware Support,2025-12-31,2025-12-31,https://www.contractsfinder.service.gov.uk/Notice/a1c9a4ea-cec7-4129-84ab-8a810bbb3abd,2025-04
W177737,Vulnerability Management Software,A risk based vulnerability management platform which uses a variety of tools to keep the organisation's digital environment safe and minimising risk from cyber attacks and data breaches.,Pre-Procurement,2. Re-procurement (same scope),PA23 Framework - Further Competition,24,A,2025-07-01,2025-09-01,2026-03-20,License management software package,48218000,Renewal of Vulnerability Management,2026-03-20,2026-03-20,https://www.contractsfinder.service.gov.uk/Notice/cdb23b7e-ddcd-43ed-8c4f-3c6379e501cc,2025-07
W179399,Public Cloud Services- AWS,Provision of AWS public cloud services for the purpose of hosting NHSBSA services,Draft,2. Re-procurement (same scope),PA23 Direct Award,36,G,2027-09-01,2027-11-01,2028-02-28,Information technology services,72222300,Public Cloud Services- AWS,2028-02-28,2028-02-28,https://www.contractsfinder.service.gov.uk/Notice/b010f4b9-68d4-4c49-a9d3-b41e8d6a9e55,2027-09
W179403,Managed Infrastructure Services (MIS)- Datacentre,Contract for the provision of infrastructure management services at the NHSBSA DCs in Cody and Spring Parks in Crown Hosting DC. Contract includes innovation in form of support for the migration of services and applications to the public cloud.,Draft,2. Re-procurement (same scope),PA23 Competitive Flexible Procedure,24,E,2027-02-22,2027-05-22,2028-08-22,Information technology services,72222300,Managed Infrastructure Services (MIS)- Datacentre,2026-08-21,2028-08-21,https://www.contractsfinder.service.gov.uk/Notice/0a1eb0e1-cffb-4fa8-89d9-795cc2f05dfd,2027-02
W179766,Internal Audit,The contract covers the provision of a Head of Internal Audit resource and internal audit plan resource using in-house Civil Servants. GIAA are government auditors who ensure that NHSBSA?s employees are complying with policies and procedures and that public money is being used economically and efficiently,Pipeline,2. Re-procurement (same scope),Non Procurement,48,E,2026-03-02,2026-04-01,2027-04-01,Internal audit services,79212200,Internal Audit,2027-03-31,2027-03-31,Not on Contracts Finder,2026-03
W180063,Data Platform 2028 onwards,Requirement to reprocure Data Platform contract as existing contract with Bulien will come to an end in March 2025,Draft,1. New requirement,PCR Framework - Further Competition,36,C,2027-07-01,2027-11-01,2028-03-14,Data services,72300000,N/A - no existing contract,,,N/A - no existing contract,2027-07
W180200,ITIL4 Training 2029 onwards,Live Service Support Training; ITIL4 training Foundation & Upper Level Courses,Draft,1. New requirement,PCR Dynamic Purchasing System - Further Competition,48,A,2024-09-24,2028-12-13,2029-12-17,Education and training services,80000000,N/A - no existing contract,,,N/A - no existing contract,2024-09
W181086,Pensions Practitioners Calculation Support,Specialist pensions operational support to undertake complex manual calculations for the 'Practitioner' member category.,Pre-Procurement,1. New requirement,PCR Framework - Further Competition,23,G,2025-04-01,2025-12-01,2026-02-01,Pension fund administration services,66141000,N/A - no existing contract,,,N/A - no existing contract,2025-04
W181386,Open Data Portal Hosting; Support and Maintenance Services,Contract to provide Open Data Hosting; Support and Development Services,Draft,2. Re-procurement (same scope),PCR Framework - Further Competition,24,B,2026-08-03,2026-10-01,2027-04-01,Data services,72300000,Open Data Portal Hosting; Support and Maintenance,2027-03-31,2027-03-31,https://www.contractsfinder.service.gov.uk/Notice/26e29b39-f731-4c2d-aa8c-ce995006119b,2026-08
W182135,PR Management Tool,Replacement workplan for existing service,Pipeline,2. Re-procurement (same scope),PCR Framework - Further Competition,36,A,2027-01-01,2027-04-01,2027-07-28,Software-related services,72260000,PR Management Tool,2027-07-28,2028-07-27,https://www.contractsfinder.service.gov.uk/Notice/5557b056-9fb1-4fa7-a820-d1641405e506,2027-01
W182192,Email Communications and Marketing Tool,Replacement of existing service,Pipeline,2. Re-procurement (same scope),PCR Framework - Direct Award,36,A,2027-04-01,2027-07-01,2027-09-30,Software-related services,72260000,Email Communications and Marketing Tool,2027-09-30,2028-09-30,https://www.contractsfinder.service.gov.uk/Notice/361a9fbf-721c-4962-909f-cc4e15b26077,2027-04
W185536,Solution for publishing reports/dashboards,The purchase of a platform for publishing reports/dashboards in our preferred development languages R and Python.,Pre-Procurement,1. New requirement,PCR Framework - Further Competition,48,C,2025-05-01,2025-12-01,2026-03-30,Analytical or scientific software package,48461000,N/A - no existing contract,,,N/A - no existing contract,2025-05
W186982,Vehicle Insurance Brokerage 2029,The provision of Vehicle Insurance Brokerage Services for lease and hire vehicles used by staff throughout the NHSBSA and NHS CFA.,Pipeline,2. Re-procurement (same scope),PA23 Framework - Award Without Competition,48,B,2028-09-01,2028-10-01,2029-07-01,Insurance brokerage services,66518100,Vehicle Insurance Brokerage 2025,2029-06-30,2029-06-30,https://www.contractsfinder.service.gov.uk/Notice/78e303bd-f83f-4bd9-a367-935f5a3550c7,2028-09
W187000,NHSBSA Command and House Print Annual Accounts,Provision of printed papers for NHSBSA annual accounts,Pipeline,2. Re-procurement (same scope),PCR Framework - Further Competition,4,A,2027-10-11,2028-01-03,2028-12-28,Print finishing services,79821000,NHSBSA Annual Accounts Command House Print,2028-12-27,2028-12-27,https://www.contractsfinder.service.gov.uk/Notice/24f80daa-6f45-4c25-8cc7-a57be9a55670,2027-10
W187442,Pensions McCloud RSS Calculations Administration Support,Specialist pension scheme administration support to undertake calculations. These will used to input into Remedial Service Statements (RSS) provided to NHS Pensions Scheme Members as part of McCloud Immediate Choice phase 2 work.,Procurement,1. New requirement,PCR Framework - Further Competition,24,G,2025-04-14,2025-05-23,2026-03-01,Pension fund administration services,66141000,N/A - no existing contract,,,N/A - no existing contract,2025-04
W188654,Debt Collection Services,Provision of Debt Collection Services,Draft,2. Re-procurement (same scope),,48,E,2027-04-01,2029-02-05,2030-08-06,Collection agency services,79940000,Debt Collection Services,2028-12-13,2028-12-13,https://www.contractsfinder.service.gov.uk/Notice/254aecd1-cf03-46db-a91f-ec5ac3263c0c,2027-04
W190254,Redaction Software,Redaction software for GDPR requirements,Pre-Procurement,2. Re-procurement (same scope),PCR Below Threshold - Competitive Tender,36,A,2025-05-22,2026-03-01,2026-08-01,IT software package,48517000,N/A - no existing contract,,,N/A - no existing contract,2025-05
W191924,Annual vehicle insurance policy 2026-27,Provision of an annual vehicle insurance policy to the NHSBSA and NHSCFA as per the recommendation of the NHSBSA's appointed insurance broker.,Pipeline,2. Re-procurement (same scope),PCR Dynamic Purchasing System - Further Competition,12,A,2026-04-01,2026-04-01,2026-06-30,Motor vehicle insurance services,66514110,Annual vehicle insurance policy 2025-26,2026-06-30,2026-06-30,https://www.contractsfinder.service.gov.uk/Notice/c0dc2e3e-5239-4b03-b7f3-d80dff762339,2026-04
W192030,ISO 14001,Provision of ISO 14001 certification using 3 quote process as agreed,Pipeline,2. Re-procurement (same scope),Non Procurement,36,A,2027-06-01,2027-07-05,2028-05-01,Environmental auditing,90714000,ISO 14001,2027-05-31,2027-05-31,https://www.contractsfinder.service.gov.uk/Notice/72d1e9d0-d56f-47f7-9ab9-f9a6ac6f5409,2027-06
W192650,Data Literacy Programme,RFI to help inform an OCP and the options for a Data literacy programme. This may include advisory services and/or training.,Draft,1. New requirement,,24,B,2025-06-21,2026-02-23,2026-03-23,Training services,80500000,N/A - no existing contract,,,N/A - no existing contract,2025-06
W192704,Accounts Payable Audit Software,Automated auditing software for accounts payable team; which reviews transactions for accuracy and flags exceptions for manual checking.,Pipeline,2. Re-procurement (same scope),PCR Framework - Further Competition,36,A,2026-05-01,2026-07-20,2027-02-22,Software package and information systems,48000000,Accounts Payable Audit Software,2026-02-22,2027-02-22,https://www.contractsfinder.service.gov.uk/Notice/145a6e02-71db-45d2-a97d-f7603ad02f9c,2026-05
W192708,BACS Payment Software,BACS payment processing platform.,Pipeline,2. Re-procurement (same scope),PCR Framework - Further Competition,36,B,2028-01-01,2028-04-15,2028-12-19,Software package and information systems,48000000,BACS Payment Software,2027-12-19,2028-12-19,https://www.contractsfinder.service.gov.uk/Notice/14b27f1a-d5b5-44ac-9d9e-d86396e0e055,2028-01
W193358,Replacement Qualification Checker,The service covers pre-employment screening to collect; verify; validate and report on qualification certificates.,Pipeline,2. Re-procurement (same scope),PA23 Framework - Further Competition,12,A,2025-08-25,2025-11-04,2026-02-09,System and support services,72250000,Qualification Checker,2026-02-09,2027-02-09,https://www.contractsfinder.service.gov.uk/Notice/cb7ed911-b493-4eec-9d56-d7d4c41cc5ad,2025-08
W197080,Contingent Labour,Provision of Contingent Labour including professional interims and admin/clerical staff,Draft,2. Re-procurement (same scope),,72,H,2030-02-01,2030-02-01,2031-08-06,Supply services of personnel including temporary staff,79620000,Contingent Labour,2031-08-05,2031-08-05,https://www.contractsfinder.service.gov.uk/Notice/3c8c6c6e-2c0c-4405-8922-a6e1346b6811,2030-02
W197115,OWASP Fundamentals Training Provider,Requirement for OWASP Fundamentals Training,Pipeline,2. Re-procurement (same scope),PA23 Framework - Further Competition,24,A,2026-07-01,2026-07-01,2027-01-13,Training services,80500000,OWASP Fundamentals Training Provider,2027-01-12,2027-01-12,https://www.contractsfinder.service.gov.uk/Notice/7d7077f9-e386-4244-91ef-e2f543ba47a3,2026-07
W197119,ISTQB Training Provider,ISTQB Certified Tester Training Requirement.,Pipeline,2. Re-procurement (same scope),PA23 Framework - Further Competition,24,A,2026-07-01,2026-07-01,2026-12-13,Training services,80500000,ISTQB Certified Tester Training Provider,2026-12-12,2026-12-12,https://www.contractsfinder.service.gov.uk/Notice/281c5ea6-59c1-4f97-9ee3-a1ade6838dfc,2026-07
W197121,Litigation Services,Provision of Litigation Services for Debt Collection,Draft,2. Re-procurement (same scope),,60,D,2027-07-01,2027-07-01,2028-12-13,Financial and insurance services,66000000,Litigation Services,2028-12-13,2028-12-13,https://www.contractsfinder.service.gov.uk/Notice/e2d750d7-004e-4a76-ac2d-06be5589efe7,2027-07
W197127,Agile PM Training,Delivery of bespoke Agile PM Foundation and Practitioner level training; and associated exams.,Pipeline,2. Re-procurement (same scope),PA23 Framework - Further Competition,24,A,2026-10-01,2026-11-30,2027-07-26,Training services,80500000,Agile PM Training,2027-03-25,2028-03-25,https://www.contractsfinder.service.gov.uk/Notice/bb13fed0-d6b1-4055-a845-82682aec3a41,2026-10
W197555,OAC/OBIEE to Power BI Migration Utility RFI,RFI to establish how many suppliers can provide a OAC/OBIEE to Power BI Migration Utility.,Procurement,1. New requirement,PCR Below Threshold - Competitive Tender,24,A,2025-07-21,2025-07-28,2025-12-29,Data services,72300000,N/A - no existing contract,,,N/A - no existing contract,2025-07
W198022,Red Hat System Administration Training,Requirement for Red Hat System Administration Training - Levels I and II,Pre-Procurement,1. New requirement,PCR Framework - Further Competition,24,A,2025-08-20,2025-10-03,2025-12-31,Training services,80500000,N/A - no existing contract,,,N/A - no existing contract,2025-08
W199958,(BSA) Intelligent Email & Data Security Service,Solution for secure transfer of data,Pipeline,2. Re-procurement (same scope),PA23 Framework - Further Competition,36,A,2027-05-03,2027-08-01,2028-08-01,Software-related services,72260000,(BSA) Intelligent Email & Data Security Service,2028-08-01,2028-08-01,https://www.contractsfinder.service.gov.uk/Notice/ff52bc93-2ed3-4407-8f08-07ae57bb10f2,2027-05
W201592,Oracle Renewal BSA Dental 2025,Renewal of Oracle support and maintenance for Dental Services.,Pipeline,2. Re-procurement (same scope),PCR Framework - Further Competition,12,A,2025-11-01,2026-01-01,2026-04-05,Software-related services,72260000,Oracle Renewal BSA Dental 2025,2026-04-05,2026-04-05,https://www.contractsfinder.service.gov.uk/Notice/2dc7850c-e498-4448-94f0-7e526afba026,2025-11
W201593,Oracle Renewal BSA 2024 - Technology,Oracle support and maintenance renewal for Technology,Pipeline,2. Re-procurement (same scope),PCR Framework - Direct Award,24,B,2025-11-01,2026-01-01,2026-04-05,Software-related services,72260000,Oracle Renewal BSA 2024 - Technology,2026-04-05,2026-04-05,https://www.contractsfinder.service.gov.uk/Notice/24e2ce02-c55d-470f-9163-cfa69a7d25e3,2025-11
W202663,GIAA AI Tools,A MOU for 3 AI Tools: (1) text analysis (2) risk articulation and control generation (3) drafting text,Draft,2. Re-procurement (same scope),Non Procurement,12,A,2026-01-15,2026-01-15,2026-04-06,System quality assurance planning services,72224200,GIAA AI Tools,2026-04-06,2026-04-06,Not on Contracts Finder,2026-01
W202894,Creative Agency Partner,Replacement Creative Agency Partner to support the NHSBSA's Communication and Marketing Team.,Draft,2. Re-procurement (same scope),PA23 Framework - Further Competition,48,C,2029-01-29,2029-03-26,2029-09-03,Marketing services,79342000,Creative Agency Partner,2029-09-02,2029-09-02,https://www.contractsfinder.service.gov.uk/Notice/09fc9742-f883-4bc9-ba65-7e792610c477,2029-01
W203691,Opex Scanner Maintenance,Support and Maintenance of the BSA owned fleet of Opex scanners,Pipeline,2. Re-procurement (same scope),PA23 Framework - Further Competition,12,C,2025-09-30,2025-09-30,2026-04-01,Repair and maintenance services,50000000,Opex Scanner Maintenance,2026-03-31,2027-03-31,https://www.contractsfinder.service.gov.uk/Notice/90b087dc-f0fd-41f6-9f41-7c26881bc4cd,2025-09
W205338,Lean Six Sigma Training,Delivery of Lean Six Sigma Yellow Belt and Green Belt training for staff across the NHSBSA over a 4 year contract term.,Pipeline,2. Re-procurement (same scope),PCR Dynamic Purchasing System - Further Competition,48,B,2029-03-01,2029-03-01,2029-09-21,Staff training services,80511000,Lean Six Sigma Training,2029-09-21,2029-09-21,https://www.contractsfinder.service.gov.uk/Notice/81fd95f0-2dbf-4aef-805d-d447f633351d,2029-03
W205896,NHSBSA MFD and Print Contract 2025,Reprocurement of the NHSBSA's MFD and print estate. This includes office printing; Pensions batch printing; and Digi Suite.,Pre-Procurement,2. Re-procurement (same scope),PCR Framework - Further Competition,36,D,2025-08-01,2025-11-01,2026-03-01,Hardware,44316400,NHSBSA MFD and Print Contract,2026-01-31,2026-01-31,Not on Contracts Finder,2025-08
W206412,Pensions Benchmarking Service 2025,Renewal of Pensions Benchmarking Service,Pipeline,2. Re-procurement (same scope),PCR Direct Award (Reg 32) - Negotiated Procedure Without Prior Publication,12,A,2025-02-01,2026-04-01,2026-06-01,Pension fund administration services,66141000,Pensions Benchmarking Service 2025,2026-05-31,2026-05-31,https://www.contractsfinder.service.gov.uk/Notice/646b8404-2e1c-4988-90e2-6f1bc26c17ef,2025-02
W206425,Cyber Security Dependency Chain Protection,Cyber security to ensure dependency chain protection,Pre-Procurement,1. New requirement,,36,B,2025-09-30,2025-10-14,2025-11-03,IT software package,48517000,N/A - no existing contract,,,N/A - no existing contract,2025-09
W54929,Crown Hosting DC_BSA,Provision of data centre co-location services for the BSA.,Pipeline,2. Re-procurement (same scope),PCR Framework - Direct Award,87,E,2029-04-01,2029-09-01,2030-03-31,Data services,72300000,Crown Hosting DC_BSA,2030-03-30,2030-03-30,Not on Contracts Finder,2029-04
W60595,Employee Time Management System,Employee flexi-time and time management system.,Pre-Procurement,2. Re-procurement (same scope),PCR Framework - Further Competition,36,A,2024-05-01,2025-06-20,2026-03-31,Software package and information systems,48000000,Imperago Time Management,2026-01-08,2027-01-08,https://www.contractsfinder.service.gov.uk/Notice/11b76ef1-d4df-48f3-a13d-f2eb9be0a66c,2024-05
W76134,KYC Bank Account Checking,To carry out real time checking of customers making a payment via online or telephone payments and specifically identify: the identity of the customer; the address provided is that of the customer and the account no. and sort code related to the payer.,Pipeline,2. Re-procurement (same scope),PCR Framework - Further Competition,48,B,2025-04-30,2025-10-31,2026-04-30,Software-related services,72260000,Pay the BSA: Know Your Customer (KYC) Bank Account Checking,2026-04-30,2027-04-30,https://www.contractsfinder.service.gov.uk/Notice/3d307bb4-7dba-47e3-9e6c-80753b4e9775,2025-04
W76343,Occupational Health Services,Occupational Health Services for NHSBSA staff,Pre-Procurement,2. Re-procurement (same scope),PCR Framework - Further Competition,48,E,2025-09-01,2026-01-05,2027-10-01,Company health services,85147000,Occupational Health Services,2026-09-30,2026-09-30,https://www.contractsfinder.service.gov.uk/notice/33283c99-b7ca-4c3f-b0c0-b181b07e55c2?origin=SearchResults&p=1,2025-09
W76504,Letter Inserters and associated maintenance,Provision of letter inserter machines and the associated maintenance for use by the Digital Print Suite.,Draft,2. Re-procurement (same scope),PCR Framework - Further Competition,72,B,2025-07-01,2026-01-01,2026-12-06,Various office equipment and supplies,30190000,Letter Inserters and associated maintenance,2026-12-06,2026-12-06,https://www.contractsfinder.service.gov.uk/notice/13adfc99-2c70-44c7-9dc3-b1630db645b7?origin=SearchResults&p=1,2025-07
W76653,Compatibility Testing Service,Contract for the provision of compatibility testing service to ensure digital services are accessible of various browsers and devices.,Procurement,2. Re-procurement (same scope),PCR Below Threshold - Competitive Tender,24,A,2025-03-01,2025-09-30,2025-12-01,IT software package,48517000,Compatibility Testing Service,2025-11-30,2025-11-30,https://www.contractsfinder.service.gov.uk/Notice/c2a74afd-9963-4662-9449-792afdb253a3,2025-03
W76674,VDPS Medical Assessments,The delivery of medical assessments for the Vaccine Damage Payment Scheme; to include all vaccines which are part of the scheme; as set out on the Gov.uk website here: Vaccine Damage Payment: Eligibility - GOV.UK (www.gov.uk).,Procurement,2. Re-procurement (same scope),PA23 Competitive Flexible Procedure,36,H,2023-09-04,2025-06-04,2026-01-12,Medical specialist services,85121200,Medical Assessments: Vaccine Damage Payment Scheme,2027-03-20,2029-03-20,https://www.contractsfinder.service.gov.uk/Notice/071f4b3c-659a-4ecb-bf3e-d232b1a4ecf6,2023-09
W76678,White Board Collaboration Platform,Contract for the provision of Enterprise Licenses to facilitate online working (currently Miro). The software will support the NHSBSA employees working remotely by enabling collaborative working in line with the Agile methodology applied in the delivery of the majority of digital projects.,Procurement,2. Re-procurement (same scope),PCR Framework - Further Competition,24,A,2025-11-01,2025-11-14,2026-05-05,IT software package,48517000,White Board Collaboration Platform,2026-05-04,2026-05-04,https://www.contractsfinder.service.gov.uk/Notice/8357ed9a-70ae-4955-afbb-4cc9106e6647,2025-11
W77120,File tracking and Scanner MI software,Provision of file tracking software and associated support and maintenance for warehouse management.,Pipeline,2. Re-procurement (same scope),PCR Below Threshold - Competitive Tender,36,B,2025-10-01,2025-12-01,2026-10-01,Software package and information systems,48000000,File tracking and Scanner MI software,2026-03-31,2027-03-31,Not on Contracts Finder,2025-10
W77680,Board Paper Management System,Cloud-hosted board paper management system.,Pre-Procurement,2. Re-procurement (same scope),PCR Framework - Direct Award,36,A,2025-07-01,2025-07-01,2026-05-02,Software package and information systems,48000000,Board Paper Management System,2026-05-01,2026-05-01,https://www.contractsfinder.service.gov.uk/Notice/bb562a40-fad2-4b48-b0d0-a15cba5e0974,2025-07
W83149,Hosting of code prototype licenses,Hosting of code prototypes,Pipeline,2. Re-procurement (same scope),PCR Framework - Further Competition,24,A,2025-06-01,2025-06-01,2025-12-27,IT services: consulting; software development; Internet and support,72000000,Hosting of code prototype licenses,2025-12-26,2026-12-21,https://www.contractsfinder.service.gov.uk/Notice/878a7c78-e423-45b9-b786-f2f037f89fea,2025-06
W84076,Healthy Start Vitamins - Subject Matter Expert,Subject Matter Expert to support the procurement of the Healthy Start Vitamins Manufacturing Frameworks,Procurement,2. Re-procurement (same scope),PA23 Open Procedure,96,B,2025-04-01,2025-10-01,2026-01-14,Vitamins,33616000,Healthy Start Vitamins - Subject Matter Expert,2026-10-13,2027-10-13,https://www.contractsfinder.service.gov.uk/Notice/Attachment/7ad6affb-0fdc-4487-a3c9-ffe22836e553,2025-04
W87050,TDS Systems Integrator & Support,Procurement of Support and Maintenance of TDS System.,Draft,2. Re-procurement (same scope),PCR Framework - Further Competition,78,G,2027-07-01,2027-09-01,2030-01-13,Information technology services,72222300,TDS Systems Integrator & Support,2030-01-26,2032-07-26,https://www.contractsfinder.service.gov.uk/Notice/ffd062a8-efa2-48a6-b3c3-ed9caa489dd3,2027-07
W92548,Legal Services,Provision of Commercial and Property Legal services,Pipeline,2. Re-procurement (same scope),PCR Framework - Further Competition,48,F,2026-09-30,2027-02-01,2027-10-01,Legal advisory and information services,79140000,Legal Services,2027-09-30,2027-09-30,https://www.contractsfinder.service.gov.uk/Notice/047a9899-a7bc-4445-913a-aa33371ddff4,2026-09
